{
    "connection":"success",
    "uiname":   "Nombre de cliente",
    "uitlf":    "Numero de telefono",
    "uiDNI":    "DNI",
    "uidir":    "Dirección",
    "uiemail":  "Email",
    "uiother":  "Other1",
    "uiother2": "Other2",
    "presnum":  "Numero de presupuesto",
    "presname" :"Nombre del presupuesto",
    "producto":[{
        "UIproduct"    :"Nombre del producto",
        "UIid"         :"ID del producto",
        "UIcantidad"   :"Cantidad del producto",
        "UIunidad"     :"Unidades",
        "UIprecio"     :"Precio del producto",
        "OPsubtotal"   :"Subtotal",
        "UIiva"        :"IVA",
        "UIcomsINP"    :"DEscripción del producto"
        }]
}